"id","length","marker","genotype","chr","corr_length"
"indiv4047",1.394068882,"Bomo_Chr4:4354915","mori:mand","Chr 4",1.42069633150807
"indiv4071",1.809799074,"Bomo_Chr4:4354915","mori:mori","Chr 4",1.82926239136303
"indiv4117",1.431828462,"Bomo_Chr4:4354915","mand:mand","Chr 4",1.44770971329051
"indiv4118",1.730433668,"Bomo_Chr4:4354915","mori:mand","Chr 4",1.71228529160156
"indiv4119",1.964062947,"Bomo_Chr4:4354915","mori:mand","Chr 4",1.96024283489164
"indiv4120",1.959325844,"Bomo_Chr4:4354915","mori:mand","Chr 4",1.98595329350807
"indiv4122",1.58014362,"Bomo_Chr4:4354915","mori:mori","Chr 4",1.60677106950807
"indiv4127",1.501424665,"Bomo_Chr4:4354915","mori:mand","Chr 4",1.53713971837684
"indiv4129",1.55125944,"Bomo_Chr4:4354915","mori:mori","Chr 4",1.55652693176042
"indiv4139",1.870816653,"Bomo_Chr4:4354915","mori:mori","Chr 4",1.87953377214547
"indiv4141",1.512614713,"Bomo_Chr4:4354915","mori:mand","Chr 4",1.54295666726806
"indiv4145",1.566500064,"Bomo_Chr4:4354915","mori:mand","Chr 4",1.55909788581912
"indiv4156",1.740207191,"Bomo_Chr4:4354915","mori:mori","Chr 4",1.77220773961685
"indiv4158",1.685269193,"Bomo_Chr4:4354915","mand:mand","Chr 4",1.69770081690546
"indiv4159",1.964807261,"Bomo_Chr4:4354915","mand:mand","Chr 4",1.97710644621799
"indiv4160",1.288977009,"Bomo_Chr4:4354915","mori:mori","Chr 4",1.3085727650505
"indiv4162",1.357771623,"Bomo_Chr4:4354915","mori:mand","Chr 4",1.41856113888449
"indiv4163",1.577120541,"Bomo_Chr4:4354915","mori:mori","Chr 4",1.59121075925425
"indiv4164",1.94445334,"Bomo_Chr4:4354915","mori:mand","Chr 4",1.9424242609279
"indiv4165",1.44878199,"Bomo_Chr4:4354915","mori:mand","Chr 4",1.48987014248563
"indiv4166",1.520569314,"Bomo_Chr4:4354915","mori:mand","Chr 4",1.54361469743555
"indiv4167",2.335382132,"Bomo_Chr4:4354915","mori:mand","Chr 4",2.36738268061685
"indiv4168",1.617561204,"Bomo_Chr4:4354915","mori:mand","Chr 4",1.58342596896268
"indiv4169",1.561731267,"Bomo_Chr4:4354915","mori:mori","Chr 4",1.62072974984823
"indiv4170",1.579818815,"Bomo_Chr4:4354915","mori:mori","Chr 4",1.61553386837684
"indiv4171",1.930298017,"Bomo_Chr4:4354915","mori:mand","Chr 4",1.98020889597946
"indiv4173",1.895778911,"Bomo_Chr4:4354915","mori:mori","Chr 4",1.94044912955815
"indiv4174",1.932177944,"Bomo_Chr4:4354915","mori:mori","Chr 4",1.9122385345653
"indiv4175",1.775557063,"Bomo_Chr4:4354915","mand:mand","Chr 4",1.7951528190505
"indiv4176",2.370306695,"Bomo_Chr4:4354915","mand:mand","Chr 4",2.38977001236303
"indiv4177",1.985803085,"Bomo_Chr4:4354915","mand:mand","Chr 4",2.00347536932677
"indiv4178",1.58950068,"Bomo_Chr4:4354915","mori:mori","Chr 4",1.63058883248563
"indiv4179",1.427294306,"Bomo_Chr4:4354915","mand:mand","Chr 4",1.4252652269279
"indiv4180",1.52979971,"Bomo_Chr4:4354915","mori:mori","Chr 4",1.57446992855815
"indiv4183",2.235354675,"Bomo_Chr4:4354915","mand:mand","Chr 4",2.24778629890546
"indiv4184",2.109737201,"Bomo_Chr4:4354915","mand:mand","Chr 4",2.13470605615928
"indiv4186",2.405756254,"Bomo_Chr4:4354915","mand:mand","Chr 4",2.35716031598513
"indiv4187",1.794508097,"Bomo_Chr4:4354915","mori:mori","Chr 4",1.81768591912302
"indiv4190",1.892545058,"Bomo_Chr4:4354915","mori:mand","Chr 4",1.91751391315928
"indiv4191",1.583459209,"Bomo_Chr4:4354915","mand:mand","Chr 4",1.58322116296416
"indiv4196",1.968774225,"Bomo_Chr4:4354915","mori:mand","Chr 4",1.91480518787635
"indiv4202",1.633652998,"Bomo_Chr4:4354915","mori:mand","Chr 4",1.64966668797798
"indiv4203",1.669773253,"Bomo_Chr4:4354915","mori:mori","Chr 4",1.69653314119554
"indiv4204",1.879959563,"Bomo_Chr4:4354915","mori:mori","Chr 4",1.89225874821799
"indiv4205",2.312948908,"Bomo_Chr4:4354915","mori:mand","Chr 4",2.32883015929051
"indiv4207",1.94413078,"Bomo_Chr4:4354915","mand:mand","Chr 4",1.93135550271034
"indiv4208",2.020700286,"Bomo_Chr4:4354915","mand:mand","Chr 4",1.95419401762253
"indiv4209",1.904364899,"Bomo_Chr4:4354915","mand:mand","Chr 4",1.93636544761685
"indiv4210",2.154129404,"Bomo_Chr4:4354915","mori:mand","Chr 4",2.15402379665163
"indiv4211",1.155768833,"Bomo_Chr4:4354915","mori:mori","Chr 4",1.13403839052904
"indiv4212",2.038734899,"Bomo_Chr4:4354915","mori:mori","Chr 4",2.02595962171034
"indiv4213",1.900665276,"Bomo_Chr4:4354915","mori:mori","Chr 4",1.84848727191261
"indiv4214",1.978413583,"Bomo_Chr4:4354915","mori:mand","Chr 4",2.00145896643555
"indiv4215",2.061361841,"Bomo_Chr4:4354915","mori:mand","Chr 4",2.0414224315653
"indiv4216",2.456005491,"Bomo_Chr4:4354915","mand:mand","Chr 4",2.50770740301572
"indiv4217",2.034152846,"Bomo_Chr4:4354915","mori:mand","Chr 4",1.95882385112869
"indiv4218",1.682930764,"Bomo_Chr4:4354915","mori:mand","Chr 4",1.64879552896268
"indiv4219",1.760341332,"Bomo_Chr4:4354915","mori:mori","Chr 4",1.76010328596417
"indiv4223",1.9357176,"Bomo_Chr4:4354915","mori:mand","Chr 4",1.93906162003669
"indiv4226",1.549030421,"Bomo_Chr4:4354915","mand:mand","Chr 4",1.54162824281912
"indiv4227",1.811152251,"Bomo_Chr4:4354915","mori:mori","Chr 4",1.85582246955815
"indiv4228",1.188420801,"Bomo_Chr4:4354915","mori:mand","Chr 4",1.21504825050807
"indiv4233",1.992213217,"Bomo_Chr4:4354915","mori:mand","Chr 4",1.94899037809391
"indiv4235",1.800582429,"Bomo_Chr4:4354915","mori:mand","Chr 4",1.83629748237684
"indiv4236",2.047464502,"Bomo_Chr4:4354915","mand:mand","Chr 4",2.07959748930432
"indiv4238",1.606152953,"Bomo_Chr4:4354915","mori:mand","Chr 4",1.6347038742318
"indiv4239",1.531284313,"Bomo_Chr4:4354915","mori:mori","Chr 4",1.41104705353471
"indiv4240",1.064984784,"Bomo_Chr4:4354915","mori:mand","Chr 4",1.01280677991261
"indiv4241",1.271865057,"Bomo_Chr4:4354915","mori:mori","Chr 4",1.26638635054285
"indiv4242",2.341029554,"Bomo_Chr4:4354915","mand:mand","Chr 4",2.36228390439929
"indiv4244",1.788199593,"Bomo_Chr4:4354915","mori:mand","Chr 4",1.81482704250807
"indiv4245",2.070058315,"Bomo_Chr4:4354915","mand:mand","Chr 4",2.09681820319554
"indiv4246",1.037021471,"Bomo_Chr4:4354915","mori:mand","Chr 4",1.04036549103669
"indiv4247",1.55725257,"Bomo_Chr4:4354915","mori:mori","Chr 4",1.54805935878286
"indiv4248",1.655656103,"Bomo_Chr4:4354915","mori:mori","Chr 4",1.6842070242318
"indiv4249",2.044028983,"Bomo_Chr4:4354915","mand:mand","Chr 4",2.02229854052904
"indiv4250",1.473278603,"Bomo_Chr4:4354915","mori:mori","Chr 4",1.47483159000043
"indiv4251",2.4664895,"Bomo_Chr4:4354915","mand:mand","Chr 4",2.46983352003669
"indiv4252",1.139394829,"Bomo_Chr4:4354915","mori:mori","Chr 4",1.14273884903669
"indiv4254",1.550513551,"Bomo_Chr4:4354915","mori:mand","Chr 4",1.50370864602139
"indiv4255",2.167837516,"Bomo_Chr4:4354915","mori:mand","Chr 4",2.10491331369505
"indiv4256",1.9198831,"Bomo_Chr4:4354915","mori:mori","Chr 4",1.93755538432677
"indiv4258",2.35569951,"Bomo_Chr4:4354915","mori:mand","Chr 4",2.33217803449278
"indiv4262",1.771515412,"Bomo_Chr4:4354915","mand:mand","Chr 4",1.79456079543555
"indiv4263",1.61065648,"Bomo_Chr4:4354915","mori:mori","Chr 4",1.64637153337684
"indiv4264",1.910051116,"Bomo_Chr4:4354915","mori:mori","Chr 4",1.87757447531148
"indiv4265",2.295277175,"Bomo_Chr4:4354915","mori:mand","Chr 4",2.29503912896416
"indiv4266",2.070036732,"Bomo_Chr4:4354915","mori:mand","Chr 4",2.06084352078286
"indiv4267",2.168347419,"Bomo_Chr4:4354915","mand:mand","Chr 4",2.16094524081912
"indiv4268",1.859016841,"Bomo_Chr4:4354915","mori:mori","Chr 4",1.85519672889164
"indiv4269",1.782690812,"Bomo_Chr4:4354915","mori:mand","Chr 4",1.81648239365312
"indiv4270",1.490075868,"Bomo_Chr4:4354915","mori:mand","Chr 4",1.55265641692075
"indiv4272",2.614132925,"Bomo_Chr4:4354915","mand:mand","Chr 4",2.59611698728903
"indiv4274",1.208024053,"Bomo_Chr4:4354915","mori:mori","Chr 4",1.25269427155815
"indiv4276",1.757608448,"Bomo_Chr4:4354915","mori:mand","Chr 4",1.78436833619554
"indiv4277",1.744731463,"Bomo_Chr4:4354915","mori:mori","Chr 4",1.77686445030432
"indiv4278",2.771047534,"Bomo_Chr4:4354915","mand:mand","Chr 4",2.80318052130432
"indiv4282",2.295484661,"Bomo_Chr4:4354915","mori:mand","Chr 4",2.3150804170505
"indiv4284",2.11395116,"Bomo_Chr4:4354915","mand:mand","Chr 4",2.12638278390546
"indiv4285",1.541418243,"Bomo_Chr4:4354915","mori:mand","Chr 4",1.54847676779668
"indiv4287",1.946043068,"Bomo_Chr4:4354915","mori:mand","Chr 4",1.84013407282479
"indiv4288",1.548028421,"Bomo_Chr4:4354915","mori:mori","Chr 4",1.5459993419279
"indiv4289",1.925163993,"Bomo_Chr4:4354915","mand:mand","Chr 4",1.93401355083294
"indiv4290",1.394900714,"Bomo_Chr4:4354915","mori:mand","Chr 4",1.42524266826806
"indiv4291",2.073211382,"Bomo_Chr4:4354915","mori:mand","Chr 4",2.09459817108676
"indiv4292",2.355784359,"Bomo_Chr4:4354915","mori:mand","Chr 4",2.35030565254285
"indiv4293",1.810506544,"Bomo_Chr4:4354915","mori:mand","Chr 4",1.82472920094172
"indiv4295",2.142448277,"Bomo_Chr4:4354915","mand:mand","Chr 4",2.14579229703669
"indiv4296",1.967607363,"Bomo_Chr4:4354915","mori:mand","Chr 4",2.01406861459441
"indiv4297",1.840034285,"Bomo_Chr4:4354915","mori:mand","Chr 4",1.88828656963067
"indiv4298",1.824396596,"Bomo_Chr4:4354915","mori:mand","Chr 4",1.85818817765312
"indiv4299",2.113323552,"Bomo_Chr4:4354915","mori:mori","Chr 4",2.10592137381912
"indiv4301",1.63094261,"Bomo_Chr4:4354915","mori:mand","Chr 4",1.64695629997798
"indiv4302",1.700687507,"Bomo_Chr4:4354915","mori:mori","Chr 4",1.73461152734058
"indiv4303",1.811795554,"Bomo_Chr4:4354915","mori:mori","Chr 4",1.79377961628903
"indiv4304",2.229944223,"Bomo_Chr4:4354915","mori:mand","Chr 4",2.17060208676757
"indiv4306",1.64164585,"Bomo_Chr4:4354915","mori:mand","Chr 4",1.66661470515928
"indiv4307",1.44650707,"Bomo_Chr4:4354915","mori:mori","Chr 4",1.417612495384
"indiv4308",1.551320208,"Bomo_Chr4:4354915","mori:mori","Chr 4",1.45973947711488
"indiv4309",2.151029698,"Bomo_Chr4:4354915","mand:mand","Chr 4",2.13825442071034
"indiv4310",2.288520514,"Bomo_Chr4:4354915","mori:mand","Chr 4",2.25604387331148
"indiv4311",2.056410294,"Bomo_Chr4:4354915","mori:mori","Chr 4",2.06870947921799
"indiv4312",1.870957666,"Bomo_Chr4:4354915","mori:mand","Chr 4",1.88876238901424
"indiv4313",1.62356812,"Bomo_Chr4:4354915","mori:mori","Chr 4",1.65570110730432
"indiv4314",1.977531906,"Bomo_Chr4:4354915","mori:mand","Chr 4",1.99175456294172
"indiv4316",2.11389594,"Bomo_Chr4:4354915","mand:mand","Chr 4",2.1245365308692
"indiv4318",2.415654071,"Bomo_Chr4:4354915","mand:mand","Chr 4",2.43883189312302
"indiv4319",1.35738308,"Bomo_Chr4:4354915","mori:mori","Chr 4",1.3769788360505
"indiv4320",2.529588879,"Bomo_Chr4:4354915","mori:mand","Chr 4",2.56158942761685
"indiv4321",1.736663296,"Bomo_Chr4:4354915","mori:mori","Chr 4",1.75075351425425
"indiv4322",1.977099872,"Bomo_Chr4:4354915","mori:mand","Chr 4",1.98939905721799
"indiv4323",1.874891405,"Bomo_Chr4:4354915","mori:mori","Chr 4",1.845996830384
"indiv4325",1.477657251,"Bomo_Chr4:4354915","mori:mori","Chr 4",1.448762676384
"indiv4326",2.090092462,"Bomo_Chr4:4354915","mori:mand","Chr 4",2.03970549094887
"indiv4327",2.111981667,"Bomo_Chr4:4354915","mori:mand","Chr 4",2.07234089416643
"indiv4328",1.962292208,"Bomo_Chr4:4354915","mori:mand","Chr 4",1.95309899678286
"indiv4329",1.866630257,"Bomo_Chr4:4354915","mori:mand","Chr 4",1.86294258357911
"indiv4330",1.962332702,"Bomo_Chr4:4354915","mori:mand","Chr 4",1.96209465596417
"indiv4331",1.733779076,"Bomo_Chr4:4354915","mori:mand","Chr 4",1.7138396665653
"indiv4332",1.534464679,"Bomo_Chr4:4354915","mori:mori","Chr 4",1.53064456689164
"indiv4333",1.90553631,"Bomo_Chr4:4354915","mori:mori","Chr 4",1.90171619789164
"indiv4334",1.615226506,"Bomo_Chr4:4354915","mori:mand","Chr 4",1.62394362514547
"indiv4335",2.075176753,"Bomo_Chr4:4354915","mori:mand","Chr 4",1.98180498907862
"indiv4336",1.746618755,"Bomo_Chr4:4354915","mand:mand","Chr 4",1.7445896759279
"indiv4338",1.983216714,"Bomo_Chr4:4354915","mori:mori","Chr 4",1.87744015751226
"indiv4340",2.053582586,"Bomo_Chr4:4354915","mori:mand","Chr 4",2.05692660603669
"indiv4341",2.263309438,"Bomo_Chr4:4354915","mori:mand","Chr 4",2.28111416101424
"indiv4342",1.731917769,"Bomo_Chr4:4354915","mand:mand","Chr 4",1.68332183098513
"indiv4343",2.234563771,"Bomo_Chr4:4354915","mori:mand","Chr 4",2.27565192348563
"indiv4344",1.83518959,"Bomo_Chr4:4354915","mand:mand","Chr 4",1.86015844515928
"indiv4345",2.434290438,"Bomo_Chr4:4354915","mand:mand","Chr 4",2.43597586368789
"indiv4347",1.848290105,"Bomo_Chr4:4354915","mori:mori","Chr 4",1.84281139854285
"indiv4348",1.915922726,"Bomo_Chr4:4354915","mori:mand","Chr 4",1.96417501063067
"indiv4349",2.137014145,"Bomo_Chr4:4354915","mori:mori","Chr 4",2.11720717425277
"indiv4350",1.598074744,"Bomo_Chr4:4354915","mori:mand","Chr 4",1.57826777325277
"indiv4353",2.134859341,"Bomo_Chr4:4354915","mand:mand","Chr 4",2.12938063454285
"indiv4355",2.01380856,"Bomo_Chr4:4354915","mand:mand","Chr 4",2.04594154730432
"indiv4357",1.418280498,"Bomo_Chr4:4354915","mori:mori","Chr 4",1.45041348530432
"indiv4358",1.79601276,"Bomo_Chr4:4354915","mori:mori","Chr 4",1.79232508657911
"indiv4359",1.679599196,"Bomo_Chr4:4354915","mori:mand","Chr 4",1.70994115026806
"indiv4360",1.972082312,"Bomo_Chr4:4354915","mori:mand","Chr 4",1.99526013412302
"indiv4361",1.972040237,"Bomo_Chr4:4354915","mori:mand","Chr 4",2.0005911582318
"indiv4362",1.966695772,"Bomo_Chr4:4354915","mori:mand","Chr 4",1.99166462715928
"indiv4363",1.920643756,"Bomo_Chr4:4354915","mori:mand","Chr 4",1.92770228079668
"indiv4364",1.89540236,"Bomo_Chr4:4354915","mori:mori","Chr 4",1.86484919103521
"indiv4365",2.260891417,"Bomo_Chr4:4354915","mand:mand","Chr 4",2.28227820608676
"indiv4366",2.093265515,"Bomo_Chr4:4354915","mori:mand","Chr 4",2.10569713890546
"indiv4367",1.082301125,"Bomo_Chr4:4354915","mori:mori","Chr 4",1.1018968810505
"indiv4369",1.87041694,"Bomo_Chr4:4354915","mand:mand","Chr 4",1.85764166271034
"indiv4370",1.703293699,"Bomo_Chr4:4354915","mori:mori","Chr 4",1.73900875237684
"indiv4371",1.364054316,"Bomo_Chr4:4354915","mori:mori","Chr 4",1.35665213781912
"indiv4372",1.362994982,"Bomo_Chr4:4354915","mori:mori","Chr 4",1.35917486989164
"indiv4373",2.344292838,"Bomo_Chr4:4354915","mori:mand","Chr 4",2.315398263384
"indiv4374",2.148431824,"Bomo_Chr4:4354915","mori:mand","Chr 4",2.17505927350807
"indiv4375",2.145462976,"Bomo_Chr4:4354915","mori:mand","Chr 4",2.13268769871034
"indiv4376",2.020954693,"Bomo_Chr4:4354915","mori:mori","Chr 4",1.98489598623895
"indiv4377",2.209670798,"Bomo_Chr4:4354915","mori:mand","Chr 4",2.24167134661685
"indiv4378",2.249237078,"Bomo_Chr4:4354915","mori:mand","Chr 4",2.22213353642026
"indiv4379",1.933364014,"Bomo_Chr4:4354915","mori:mand","Chr 4",1.95461836439929
"indiv4380",1.836803225,"Bomo_Chr4:4354915","mand:mand","Chr 4",1.82402794771034
"indiv4381",1.928502207,"Bomo_Chr4:4354915","mori:mand","Chr 4",1.91393589667408
"indiv4382",1.604906909,"Bomo_Chr4:4354915","mori:mand","Chr 4",1.60825092903669
"indiv4383",1.828871263,"Bomo_Chr4:4354915","mori:mand","Chr 4",1.8089318535653
"indiv4384",1.536551027,"Bomo_Chr4:4354915","mori:mori","Chr 4",1.52198471667408
"indiv4385",2.024647786,"Bomo_Chr4:4354915","mand:mand","Chr 4",1.99946771614399
"indiv4386",1.973125655,"Bomo_Chr4:4354915","mand:mand","Chr 4",2.00704967534058
"indiv4387",0.864326466,"Bomo_Chr4:4354915","mori:mori","Chr 4",0.900041519376845
"indiv4388",1.869130456,"Bomo_Chr4:4354915","mori:mori","Chr 4",1.87605654210921
"indiv4389",1.17560879,"Bomo_Chr4:4354915","mori:mori","Chr 4",1.18611694218173
"indiv4390",1.99296065,"Bomo_Chr4:4354915","mand:mand","Chr 4",1.9909315709279
"indiv4392",1.994750578,"Bomo_Chr4:4354915","mand:mand","Chr 4",1.99630356500043
"indiv4393",2.490028577,"Bomo_Chr4:4354915","mori:mand","Chr 4",2.47725329971034
"indiv4394",2.171656599,"Bomo_Chr4:4354915","mori:mand","Chr 4",2.15888132171034
"indiv4395",1.713327731,"Bomo_Chr4:4354915","mori:mori","Chr 4",1.66831385905765
"indiv4396",1.687939411,"Bomo_Chr4:4354915","mori:mori","Chr 4",1.70382066229051
"indiv4397",2.066897664,"Bomo_Chr4:4354915","mand:mand","Chr 4",2.04337618849278
"indiv4398",1.716503731,"Bomo_Chr4:4354915","mori:mori","Chr 4",1.73789052008676
"indiv4399",1.892799716,"Bomo_Chr4:4354915","mori:mori","Chr 4",1.94284303366693
"indiv4401",1.857822452,"Bomo_Chr4:4354915","mori:mand","Chr 4",1.87920924108676
"indiv4407",2.321079299,"Bomo_Chr4:4354915","mori:mand","Chr 4",2.30485439432529
"indiv4409",1.80352774,"Bomo_Chr4:4354915","mori:mori","Chr 4",1.86073518981197
"indiv4410",1.438818981,"Bomo_Chr4:4354915","mori:mori","Chr 4",1.46020577008676
"indiv4411",2.041804443,"Bomo_Chr4:4354915","mori:mand","Chr 4",2.01662437314399
"indiv4412",1.903043839,"Bomo_Chr4:4354915","mori:mori","Chr 4",1.91905752897798
"indiv4416",2.034225871,"Bomo_Chr4:4354915","mori:mand","Chr 4",2.04128439579668
"indiv4417",2.260399039,"Bomo_Chr4:4354915","mand:mand","Chr 4",2.29611409237684
"indiv4418",2.41242723,"Bomo_Chr4:4354915","mand:mand","Chr 4",2.42664988694172
"indiv4419",1.419244758,"Bomo_Chr4:4354915","mori:mori","Chr 4",1.40481088636155
"indiv4420",1.885774208,"Bomo_Chr4:4354915","mori:mand","Chr 4",1.92148926137684
"indiv4422",2.243864802,"Bomo_Chr4:4354915","mand:mand","Chr 4",2.28674398752189
"indiv4424",1.773428783,"Bomo_Chr4:4354915","mori:mand","Chr 4",1.78944247297798
"indiv4425",2.2066154,"Bomo_Chr4:4354915","mori:mand","Chr 4",2.11145260304236
"indiv4426",2.840276143,"Bomo_Chr4:4354915","mand:mand","Chr 4",2.85078429518173
"indiv4427",2.431705197,"Bomo_Chr4:4354915","mori:mand","Chr 4",2.42251198578286
"indiv4428",2.14266068,"Bomo_Chr4:4354915","mori:mand","Chr 4",2.0546620151874
"indiv4429",2.243176039,"Bomo_Chr4:4354915","mori:mand","Chr 4",2.26622142243555
"indiv4430",2.191394774,"Bomo_Chr4:4354915","mand:mand","Chr 4",2.21636362915928
"indiv4434",2.152587156,"Bomo_Chr4:4354915","mand:mand","Chr 4",2.14531741650659
"indiv4437",1.961827154,"Bomo_Chr4:4354915","mori:mand","Chr 4",1.98858704219554
"indiv4441",1.667192646,"Bomo_Chr4:4354915","mori:mand","Chr 4",1.71544493063067
"indiv4443",2.281216484,"Bomo_Chr4:4354915","mand:mand","Chr 4",2.28456050403669
"indiv4445",2.074048044,"Bomo_Chr4:4354915","mori:mori","Chr 4",2.05782313932529
"indiv4446",1.665121464,"Bomo_Chr4:4354915","mand:mand","Chr 4",1.64339102152904
"indiv4447",2.458011957,"Bomo_Chr4:4354915","mand:mand","Chr 4",2.44523667971034
"indiv4448",1.799258362,"Bomo_Chr4:4354915","mori:mand","Chr 4",1.7972292829279
"indiv4449",1.908764848,"Bomo_Chr4:4354915","mori:mand","Chr 4",1.86733304213017
"indiv4450",1.618895963,"Bomo_Chr4:4354915","mori:mand","Chr 4",1.64028275208676
"indiv4451",1.109740369,"Bomo_Chr4:4354915","mori:mand","Chr 4",1.12754509201424
"indiv4455",1.756573752,"Bomo_Chr4:4354915","mori:mand","Chr 4",1.72960264910773
"indiv4456",2.355266688,"Bomo_Chr4:4354915","mori:mand","Chr 4",2.34799694850659
"indiv4457",1.826773712,"Bomo_Chr4:4354915","mori:mand","Chr 4",1.88577219484823
"indiv4458",1.60466868,"Bomo_Chr4:4354915","mori:mori","Chr 4",1.64038373337684
"indiv4459",1.782157819,"Bomo_Chr4:4354915","mori:mori","Chr 4",1.81594940065312
"indiv4460",0.956812833,"Bomo_Chr4:4354915","mori:mori","Chr 4",0.920754126238954
"indiv4461",1.715109701,"Bomo_Chr4:4354915","mori:mori","Chr 4",1.686215126384
"indiv4462",1.837349943,"Bomo_Chr4:4354915","mori:mand","Chr 4",1.7493512781874
"indiv4463",0.699284596,"Bomo_Chr4:4354915","mand:mand","Chr 4",0.691882417819123
"indiv4465",1.407474717,"Bomo_Chr4:4354915","mori:mori","Chr 4",1.42527944001424
"indiv4467",2.527544658,"Bomo_Chr4:4354915","mori:mand","Chr 4",2.50952872028903
"indiv4468",1.933817595,"Bomo_Chr4:4354915","mori:mand","Chr 4",1.9623685162318
"indiv4469",2.226057884,"Bomo_Chr4:4354915","mand:mand","Chr 4",2.25998190434058
"indiv4470",1.972559745,"Bomo_Chr4:4354915","mand:mand","Chr 4",1.95633484032529
"indiv4471",1.909304794,"Bomo_Chr4:4354915","mand:mand","Chr 4",1.90203505450659
"indiv4472",1.875627585,"Bomo_Chr4:4354915","mori:mori","Chr 4",1.90955160534058
"indiv4474",2.185024215,"Bomo_Chr4:4354915","mori:mand","Chr 4",2.17762203681912
"indiv4475",2.011088901,"Bomo_Chr4:4354915","mori:mand","Chr 4",1.97861226031148
"indiv4477",1.806295671,"Bomo_Chr4:4354915","mori:mand","Chr 4",1.79889349281912
"indiv4479",1.922440557,"Bomo_Chr4:4354915","mori:mand","Chr 4",1.94740941215928
"indiv4481",2.141049309,"Bomo_Chr4:4354915","mand:mand","Chr 4",2.16780919719554
"indiv4482",1.852894339,"Bomo_Chr4:4354915","mori:mand","Chr 4",1.84025150039781
"indiv4483",1.947585675,"Bomo_Chr4:4354915","mand:mand","Chr 4",1.9671814310505
"indiv4484",2.301289396,"Bomo_Chr4:4354915","mori:mand","Chr 4",2.33163135026806
"indiv4486",1.807589007,"Bomo_Chr4:4354915","mori:mand","Chr 4",1.78227649845652
"indiv4487",2.087937292,"Bomo_Chr4:4354915","mand:mand","Chr 4",2.10202751025425
"indiv4488",1.819222509,"Bomo_Chr4:4354915","mori:mand","Chr 4",1.8171934299279
"indiv4489",1.908857806,"Bomo_Chr4:4354915","mori:mand","Chr 4",1.84593360369505
"indiv4490",2.303339619,"Bomo_Chr4:4354915","mori:mand","Chr 4",2.23862438365879
"indiv4495",1.567988289,"Bomo_Chr4:4354915","mori:mori","Chr 4",1.57146474772416
"indiv4496",2.035877479,"Bomo_Chr4:4354915","mand:mand","Chr 4",2.05905530112302
"indiv4497",1.141971008,"Bomo_Chr4:4354915","mori:mori","Chr 4",1.10783577296268
"indiv4498",1.382080673,"Bomo_Chr4:4354915","mori:mori","Chr 4",1.40884056119554
"indiv4499",2.292291921,"Bomo_Chr4:4354915","mori:mand","Chr 4",2.32442490830432
"indiv4504",2.016202848,"Bomo_Chr4:4354915","mori:mori","Chr 4",2.03758963708676
"indiv4506",2.212006353,"Bomo_Chr4:4354915","mori:mand","Chr 4",2.2316021090505
"indiv4507",1.866450425,"Bomo_Chr4:4354915","mori:mori","Chr 4",1.8770910158692
"indiv4508",1.853667574,"Bomo_Chr4:4354915","mand:mand","Chr 4",1.90371089166693
"indiv4510",1.770282564,"Bomo_Chr4:4354915","mori:mori","Chr 4",1.81495278255815
"indiv4511",2.382897544,"Bomo_Chr4:4354915","mand:mand","Chr 4",2.37383677147033
"indiv4515",2.0966961,"Bomo_Chr4:4354915","mori:mori","Chr 4",2.13599321944937
"indiv4517",1.99129093,"Bomo_Chr4:4354915","mori:mand","Chr 4",2.02521495034058
"indiv4518",1.776490639,"Bomo_Chr4:4354915","mori:mori","Chr 4",1.80145949415928
"indiv4519",1.534924388,"Bomo_Chr4:4354915","mori:mand","Chr 4",1.55810221012302
"indiv4522",1.933319093,"Bomo_Chr4:4354915","mand:mand","Chr 4",1.86502179158626
"indiv4523",1.407888184,"Bomo_Chr4:4354915","mori:mand","Chr 4",1.39332187367408
"indiv4524",1.695734974,"Bomo_Chr4:4354915","mand:mand","Chr 4",1.70087002707295
"indiv4526",1.198623853,"Bomo_Chr4:4354915","mori:mand","Chr 4",1.21808717036303
"indiv4528",2.108665129,"Bomo_Chr4:4354915","mori:mand","Chr 4",2.07260642223895
"indiv4529",2.03968892,"Bomo_Chr4:4354915","mori:mand","Chr 4",2.03049570878286
"indiv4530",1.974037273,"Bomo_Chr4:4354915","mand:mand","Chr 4",1.96126199571034
"indiv4531",2.221354389,"Bomo_Chr4:4354915","mori:mand","Chr 4",2.23365357421799
"indiv4533",2.090482254,"Bomo_Chr4:4354915","mand:mand","Chr 4",2.10457247225425
"indiv4534",1.399779254,"Bomo_Chr4:4354915","mori:mand","Chr 4",1.37446674545652
"indiv4535",2.236803479,"Bomo_Chr4:4354915","mand:mand","Chr 4",2.25998130112302
"indiv4536",1.260070676,"Bomo_Chr4:4354915","mori:mori","Chr 4",1.29399469634058
"indiv4537",2.199545615,"Bomo_Chr4:4354915","mori:mand","Chr 4",2.22093240408676
"indiv4539",2.139285358,"Bomo_Chr4:4354915","mori:mand","Chr 4",2.14097078368789
"indiv4540",2.02096903,"Bomo_Chr4:4354915","mori:mand","Chr 4",2.05131098426806
"indiv4541",1.813186938,"Bomo_Chr4:4354915","mori:mand","Chr 4",1.80770823154285
"indiv4543",2.307331007,"Bomo_Chr4:4354915","mori:mand","Chr 4",2.28035990410773
"indiv4544",1.384443206,"Bomo_Chr4:4354915","mori:mori","Chr 4",1.42553135848563
"indiv4546",0.978341734,"Bomo_Chr4:4354915","mand:mand","Chr 4",0.894057573947389
"indiv4547",1.991472979,"Bomo_Chr4:4354915","mori:mand","Chr 4",1.97883014039781
"indiv4548",2.216489329,"Bomo_Chr4:4354915","mand:mand","Chr 4",2.19668235825277
"indiv4549",1.741816782,"Bomo_Chr4:4354915","mand:mand","Chr 4",1.72559187732529
"indiv4550",1.723903179,"Bomo_Chr4:4354915","mori:mand","Chr 4",1.73096170379668
"indiv4551",1.925363917,"Bomo_Chr4:4354915","mand:mand","Chr 4",1.91079760667408
"indiv4552",2.312093425,"Bomo_Chr4:4354915","mori:mand","Chr 4",2.22051269411488
"indiv4553",1.730410484,"Bomo_Chr4:4354915","mori:mori","Chr 4",1.70330694242026
"indiv4554",0.924090154,"Bomo_Chr4:4354915","mand:mand","Chr 4",0.938180372254249
"indiv4555",0.810020827,"Bomo_Chr4:4354915","mori:mori","Chr 4",0.743514558622525
"indiv4557",2.023316186,"Bomo_Chr4:4354915","mand:mand","Chr 4",1.98188438013017
"indiv4558",2.662935225,"Bomo_Chr4:4354915","mand:mand","Chr 4",2.58568275840496
"indiv4560",1.832280876,"Bomo_Chr4:4354915","mand:mand","Chr 4",1.8123414665653
"indiv4565",1.793785771,"Bomo_Chr4:4354915","mori:mand","Chr 4",1.82591875830432
"indiv4569",2.494369632,"Bomo_Chr4:4354915","mand:mand","Chr 4",2.45114679309391
"indiv4570",2.255819204,"Bomo_Chr4:4354915","mori:mand","Chr 4",2.1678205391874
"indiv4571",2.290562851,"Bomo_Chr4:4354915","mori:mand","Chr 4",2.25450414423895
"indiv4572",2.178320817,"Bomo_Chr4:4354915","mori:mand","Chr 4",2.04912839235341
"indiv4573",1.77265442,"Bomo_Chr4:4354915","mori:mand","Chr 4",1.69719298644122
"indiv4575",2.260798893,"Bomo_Chr4:4354915","mand:mand","Chr 4",2.2498146487466
"indiv4580",1.939984022,"Bomo_Chr4:4354915","mand:mand","Chr 4",1.96123837239929
"indiv4583",1.981919424,"Bomo_Chr4:4354915","mori:mand","Chr 4",1.98897794879668
"indiv4590",2.101862919,"Bomo_Chr4:4354915","mand:mand","Chr 4",2.13757797237684
"indiv4593",1.725049998,"Bomo_Chr4:4354915","mori:mand","Chr 4",1.71943885285538
"indiv4594",2.603773224,"Bomo_Chr4:4354915","mand:mand","Chr 4",2.50323732793358
"indiv4595",2.293183937,"Bomo_Chr4:4354915","mand:mand","Chr 4",2.31264725436303
"indiv4597",1.950572831,"Bomo_Chr4:4354915","mori:mand","Chr 4",1.90734999209391
"indiv4598",2.132617227,"Bomo_Chr4:4354915","mand:mand","Chr 4",2.1126778175653
"indiv4599",1.884661949,"Bomo_Chr4:4354915","mori:mori","Chr 4",1.8826328699279
"indiv4608",1.47278984,"Bomo_Chr4:4354915","mori:mori","Chr 4",1.3937463403687
"indiv4615",1.478226917,"Bomo_Chr4:4354915","mori:mori","Chr 4",1.43500407809391
"indiv4619",1.826942657,"Bomo_Chr4:4354915","mori:mand","Chr 4",1.78730188416643
"indiv4620",1.973154886,"Bomo_Chr4:4354915","mand:mand","Chr 4",1.95858857567408
"indiv4621",2.03669095,"Bomo_Chr4:4354915","mand:mand","Chr 4",2.05986877212302
"indiv4624",1.961893949,"Bomo_Chr4:4354915","mori:mand","Chr 4",1.97240210118173
"indiv4632",1.886244411,"Bomo_Chr4:4354915","mori:mand","Chr 4",1.91121326615928
